Id,ORGANIZATION,NAME,GENDER,SPECIALITY,ADDRESS,CITY,STATE,ZIP,LAT,LON,ENCOUNTERS,PROCEDURES
64300659-89de-3d80-8d28-0891599a0bb5,74ab949d-17ac-3309-83a0-13b4405c66aa,Gabriel934 Reilly981,F,GENERAL PRACTICE,881 Main Street,Fitchburg,MA,01420,42.586487,-71.80521,884,0
0626ba04-5bba-330c-9444-8723a9af6cca,b6398e07-4967-31a5-807f-380039a1f303,Sofia418 Perea353,F,GENERAL PRACTICE,19 TACOMA ST,WORCESTER,MA,016053516,42.30230485,-71.76614692511056,15,0
e131f662-b381-33ea-8326-d604d2ded41c,17a4bae5-8b64-34d7-8144-b428be027bd0,Lindsay928 Ward668,M,GENERAL PRACTICE,512 MAIN STREET  SUITE 211,SHREWSBURY,MA,015456406,42.295109499999995,-71.71808471110307,17,0
41dd4e32-cbb0-3745-80e6-af83dab82174,4112b8b1-59df-3255-a7ca-f42ee0a4cb2e,Nereida276 Feeney44,F,GENERAL PRACTICE,37 ROUTE 6A,SANDWICH,MA,025631801,41.766329400000004,-70.5147600346998,11,0
63c636be-dd0c-3da6-ad26-b808a2ceef27,e76b5eb0-0c9d-3593-b5da-3c0e9a97bb96,Gisele901 Lehner980,F,GENERAL PRACTICE,1400 VFW Parkway,West Roxbury,MA,02132,42.2793,-71.1657,56,0
b37b1e57-b6d4-3bad-869d-72e8452a391f,ef5390b4-cba5-3d83-96db-af783a7adb43,Evan94 Anderson154,F,GENERAL PRACTICE,360 MERRIMACK ST,MALDEN,MA,021482329,42.4250964,-71.066163,1,0
5e15a83f-a902-33cf-9b8e-a28141e4146a,5becf220-2978-3f33-bd38-9326947f85de,Thad495 Leannon79,M,GENERAL PRACTICE,240 LYNNFIELD STREET,PEABODY,MA,019605055,42.5141736,-70.97106354209534,2,0
a023bfb7-4037-3927-961c-7b441abb6719,a418cf76-2ee3-3736-a752-29ee33e86015,Nicolas769 Kuhlman484,M,GENERAL PRACTICE,62 CENTER STREET,FAIRHAVEN,MA,027193823,41.63663425,-70.90101829397507,9,0
6faaa808-11fe-3aa8-ac18-1ff08e03bb92,42d4b607-f14d-370a-818e-40965685776c,Marchelle563 Hettinger594,F,GENERAL PRACTICE,3 WASHINGTON ST STE 220,NORTH EASTON,MA,023561034,42.0667665,-71.1036592,39,0
0c06a9bc-e2b6-3f8c-b39a-773845614b92,ab701a70-a658-340e-8f69-ee196a7d40c6,Bud153 Parisian75,M,GENERAL PRACTICE,484 RTE 134,WORCESTER,MA,016071728,42.2625621,-71.8018877,63,0
77e662b4-6911-36f2-8bce-5e38af6daca5,f736c0f5-6d39-3e26-8ac1-39e1fc60dfbe,Laura391 Armendáriz135,F,GENERAL PRACTICE,11 QUARRY HILL ROAD,LEE,MA,012389645,42.2816564,-73.25307843923315,129,0
4a82a613-141f-30d2-ba8a-4c0c3dc82bfc,52ecddd8-42f6-35cc-88a5-cf474c02fb49,Cecil300 Fahey393,M,GENERAL PRACTICE,94 OBERY STREET,PLYMOUTH,MA,023602130,41.93725,-70.65503160208334,19,0
2114bca6-cd8d-3ce2-aee6-4bc086ec6978,39104cad-5228-3e07-9b3e-3ad736b33d5d,Chase54 Muller251,M,GENERAL PRACTICE,200 PROVIDENCE HWY,DEDHAM,MA,020261881,42.22214545274341,-71.18159060546684,51,0
7e3b6f06-5f01-34b7-adfc-30c0dd234322,4bf8af75-4da2-331d-b94e-9975a887face,Rudy520 Mosciski958,M,GENERAL PRACTICE,57 PROSPECT ST,NANTUCKET,MA,025542799,41.27514065,-70.10108985970798,58,0
d5fe72dd-2671-317e-a865-2a897035dde4,667b46fe-0afa-3f70-a311-bbe3d52db050,Joshua658 Borer986,M,GENERAL PRACTICE,757 BOSTON POST RD,WORCESTER,MA,016071728,42.231371,-72.165386,2,0
d211bc24-abb6-312f-b6b0-a2bfe07c54b4,643eac8e-1620-3b6a-b9f3-664b003d22cd,Frederick289 Kiehn525,M,GENERAL PRACTICE,34 GIFFORD ST,NEW BEDFORD,MA,027442610,41.6177929,-70.91890087055067,126,0
6cb4a60f-f08d-3f8f-a308-fe313fe8de19,fa09396a-2926-3b21-ad0c-9f6cabbce0eb,Brigitte394 Bartoletti50,F,GENERAL PRACTICE,1210 BOSTON PROVIDENCE TPKE,NORWOOD,MA,020625061,42.1714075,-71.1951186,5,0
8c6a8e4e-0f2e-35d0-a6f9-66c58d0f33a3,84abfbd5-41c1-3df4-9b31-7ca93cb2309a,Jean712 Block661,F,GENERAL PRACTICE,85 HERRICK ST,BEVERLY,MA,019151790,42.56415055,-70.8751357650672,39,0
f197e9ea-839e-3bdd-9c6f-3c5c91d05330,2617efb0-1afe-3c9c-afbe-2ca94f9c198c,Adrienne302 Jast432,F,GENERAL PRACTICE,140 WOOD RD,WEYMOUTH,MA,021901338,42.2212188,-70.9391625,25,0
ccc04aa4-35f3-31f9-8bbf-22a54ff5e74f,1ddd51d1-7297-3c3b-bad5-98aecd5e4a79,Derrick232 Kub800,M,GENERAL PRACTICE,127 CAMBRIDGE STREET  SUTIE #2B,BURLINGTON,MA,018033735,42.50188325,-71.19559351572005,9,0
44f4df8b-24d9-3e35-8f71-967e8ffcf528,2e1eaaf1-ebb0-332c-8921-f48e15b91879,Tambra47 Nolan344,F,GENERAL PRACTICE,2 SEAPORT DRIVE,QUINCY,MA,021711599,42.29287335,-71.03019020136307,4,0
98b3bfd3-29fd-3c06-af46-b1098d695851,c272e12f-e154-3fee-b05d-b7c0cab2657d,Trinidad33 King743,M,GENERAL PRACTICE,800 WASHINGTON ST,NORWOOD,MA,020623487,42.1886973,-71.2005241,93,0
58b001e6-82ba-3765-80ce-89311c53e2fb,b99b7849-2b53-33fb-8ce2-e3a95f17ae51,Bee658 Pouros728,F,GENERAL PRACTICE,910 BOSTON POST ROAD SUITE 320,MARLBOROUGH,MA,017523761,42.355106,-71.47654,3,0
718e9b8e-c7e7-3422-a503-8bcf16b346a3,f6a306cf-7bd6-35f4-a6b7-2d07d273914c,Carolynn568 Von197,F,GENERAL PRACTICE,63 FOUNTAIN ST STE 402,FRAMINGHAM,MA,017026280,42.27595495,-71.42631150114194,59,0
7ca24ed5-5de5-3bc9-866a-8bc9950f9cfa,f549a720-814b-3dc6-ae77-6376a22564ee,Nichole96 Prosacco716,F,GENERAL PRACTICE,209 COUNTY RD,NORTH FALMOUTH,MA,02556,41.6459404,-70.6183639,1,0
e48ffe54-69cf-3d23-bf60-58539a96c600,32fcdfba-8c93-30f4-b15b-dd3b65c29deb,Jody426 Bernhard322,M,GENERAL PRACTICE,20 NORTH MAPLE STREET,HADLEY,MA,010359715,42.3615107,-72.55261320852942,63,0
30cf7705-5919-3818-a445-db451e1397bf,0ddb0329-b59d-3187-874c-602c649249c8,Eldon28 Cassin499,M,GENERAL PRACTICE,115 W SILVER ST,WESTFIELD,MA,010853678,42.1178811,-72.75935246865802,89,0
cdb1cf18-2769-39a2-91f4-8ecde8791998,1e3ca321-fbbb-3546-b9ea-c3761a20324a,Clotilde434 Howe413,F,GENERAL PRACTICE,605 Lincoln Street,Worcester,MA,01605,42.297756,-71.766815,425,0
5d29d357-0e76-3ee1-b821-de88123bcf2c,2cf06ddc-4c55-3c91-98f1-fb0188079c27,Alena861 Rolfson709,F,GENERAL PRACTICE,10 VETERANS MEMORIAL DRIVE,MILFORD,MA,017572900,42.14682295,-71.50153080894427,1,0
f9b50163-fd97-3147-8f67-dd3e75155f2f,02c936e2-3aee-38b2-88a4-81f3689b7bb7,Aaron697 Kohler843,M,GENERAL PRACTICE,120 FISHER AVENUE,BOSTON,MA,021203320,42.3276141,-71.1051603,8,0
e887adeb-8384-34a1-b7dd-061723c3e164,5f7663da-4b19-3629-b8f2-fb07d75421d9,Buck819 Johnson679,M,GENERAL PRACTICE,42 ASBURY ST,SOUTH HAMILTON,MA,019821808,42.61322825,-70.87300675048934,30,0
b0100fd2-058c-31fc-b56e-4e5d499d844f,609ec9f1-e806-3427-b912-9e3b2915521d,Dorotea472 Rico947,F,GENERAL PRACTICE,575 BEECH STREET,HOLYOKE,MA,010406604,42.20105435,-72.628169560868,69,0
1ae95b1e-7641-37bc-a015-bf983b0f5756,bb3d48eb-0c30-34f4-8950-790fc984741b,Alane21 Frami345,F,GENERAL PRACTICE,1601 WASHINGTON STREET,BOSTON,MA,021181951,42.3381394,-71.0748562,49,0
df8e5021-8786-3330-8495-b64c46c93a87,e93b27a8-6507-3595-84a5-f899ce23a72d,Gertha313 Sanford861,F,GENERAL PRACTICE,70 EAST STREET,NORTH ANDOVER,MA,018456144,42.6839894,-71.1127065,51,0
40968fb9-e3fb-3862-92ed-a6536860cc8d,6a21521e-d3c1-3ba8-a7ae-453b5a930285,Wilmer32 Klocko335,M,GENERAL PRACTICE,168 INDUSTRIAL DR,NORTHAMPTON,MA,010602379,42.335726,-72.63284732269418,4,0
e52b3b93-0610-3a35-bf14-b32ec4c2b1bc,4ffa4412-1493-3beb-b8f0-6614dde953a4,Harland508 Ryan260,M,GENERAL PRACTICE,363 HIGHLAND AVENUE,WAREHAM,MA,025715011,41.745636,-70.658192,218,0
cba5c58f-26f5-33bb-9b8c-cc0b67af1ede,a14e698d-a9ba-3eae-9c8b-682ec726433d,Karla801 Cummerata161,F,GENERAL PRACTICE,776 WESTERN AVE,LYNN,MA,019052408,42.466763,-70.9494939,20,0
998e0f5b-d78e-30a6-8532-e384194551a2,dd9914b0-9491-3330-a890-d34e95e497ea,Assunta351 Haley279,F,GENERAL PRACTICE,1061 PLEASANT ST,NEW BEDFORD,MA,027406728,41.64280275,-70.92865004309593,81,0
136deabb-d2ed-326f-b04e-6963517c8327,d4b9a3f0-210d-3e46-a2c7-e099658ac543,Lucina142 Moen819,F,GENERAL PRACTICE,7000 GREAT MEADOW ROAD,DEDHAM,MA,020264090,42.266408549999994,-71.19518435636284,1,0
511cc9a7-e70b-3fbc-90e7-b313d297d049,4c1a8ea6-b690-3c28-a02e-ebd82190ee65,Hui924 Cronin387,F,GENERAL PRACTICE,885 WASHINGTON ST,BOSTON,MA,021111415,42.3479909,-71.064924,5,0
829ffc41-7ea4-387e-813e-ef8015aa23f4,5ba6765a-f335-36b0-9c6a-6bb494c5330d,Pablo44 Solís294,M,GENERAL PRACTICE,31 OLD ROUTE 7,WESTWOOD,MA,020902333,42.2139873,-71.2244987,6,0
35e45ee3-7fec-3dbb-b8c5-e4d30eec0fb3,b6eeaaf7-1683-3bcb-b6ee-81ce304636ef,Zachery872 Pagac496,M,GENERAL PRACTICE,170 GOVERNORS AVE,MELROSE,MA,021763225,42.4564323,-71.064182,109,0
e480f291-76f0-3c26-ac88-ac1d41703c04,d613e441-68e8-3502-8adb-3f770a1276bf,Emmaline88 Witting912,F,GENERAL PRACTICE,114 WATER ST,MILFORD,MA,017573007,42.13661855,-71.53474614336832,36,0
fcf7b8c5-12b1-320c-bc02-c62bdb0754cc,de29a374-221b-3cb4-8051-a02c1a35e5b7,Gwyneth692 Marvin195,F,GENERAL PRACTICE,562 WASHINGTON ST,SOUTH ATTLEBORO,MA,027036942,41.912892049999996,-71.36135809627689,44,0
0101db50-1736-32eb-88be-48a7355c2f24,d3085315-9893-34c7-8889-3a31dc17c2b0,Ethyl508 Rau926,F,GENERAL PRACTICE,1428 MAIN ST STE 7,WALPOLE,MA,020811729,42.1325911,-71.2618886,84,0
cc9eb327-1b1e-3413-a667-daf65978141f,18061fd5-fda8-3e2d-87f0-0f3c87211bcc,Omer483 Koepp521,M,GENERAL PRACTICE,1493 CAMBRIDGE ST,SOMERVILLE,MA,021431408,42.3875968,-71.0994968,247,0
19635e21-a12e-353b-b853-4a5a59e21206,1faab3d1-2ae5-3110-8e5f-c65b92ca906d,Theodore876 Ankunding277,M,GENERAL PRACTICE,29 LEWIS AVE,GREAT BARRINGTON,MA,012301713,42.19093125,-73.3715000043024,1239,0
8f399c38-b055-3df7-a892-3a057a85b966,7e97f720-f99d-3402-98a4-a144aaa5bd01,Damian46 Hansen121,M,GENERAL PRACTICE,210 JONES RD,FALMOUTH,MA,025402974,41.5614958,-70.6117407224321,61,0
ef1ce444-73af-34af-8cf1-5938b958b986,a36dcb53-a762-38d4-ae84-40f46195a6dd,Isabel214 de Jesús414,F,GENERAL PRACTICE,260 EASTHAMPTON ROAD,HOLYOKE,MA,010401213,42.226424,-72.646798,1,0
933e7753-f945-30f0-8d46-518613025f94,acffdfa8-1383-3929-8c99-e73969491439,Iva908 O'Keefe54,F,GENERAL PRACTICE,1153 CENTRE ST,BOSTON,MA,021303446,42.3017598,-71.12855793387442,1,0
f8a03403-972b-3726-b80e-6c9ea2131d69,6cf8a214-8d57-3267-85e5-7719e15cd63e,Tomás404 Hinojosa147,M,GENERAL PRACTICE,170 MORTON STREET,JAMAICA PLAIN,MA,021303735,42.299067750000006,-71.10124351911541,273,0
1189da4a-51ef-3bbb-8b80-f43c63f03079,b4e81d20-a3d6-39db-8b04-bcc4ab5de7b2,Susana117 Serrato62,F,GENERAL PRACTICE,354 WAVERLY ST,FRAMINGHAM,MA,017027079,42.276938650000005,-71.41386787587439,29,0
608e1a52-3bbc-3bfa-9022-e914ef7c1525,2fd34be1-9720-3dad-b8bd-815e173b92fb,Damon455 Orn563,M,GENERAL PRACTICE,87 HERRICK ST,BEVERLY,MA,019152773,42.56523335,-70.87472842494441,3,0
fbc60e3e-8a7c-3080-957d-55c9f371613d,0fedae9f-701f-3317-9b2f-69aea2202cdc,Willian804 Batz141,M,GENERAL PRACTICE,88 EAST NEWTON STREET,WINTHROP,MA,021522715,42.3750976,-70.982827,36,0
abf2283b-3ef1-3801-b149-883c3073a115,c7b63332-fdc7-3ab3-936b-284b931a9f6a,Bertha558 Nolan344,F,GENERAL PRACTICE,55 COOPER STREET,AGAWAM,MA,010012149,42.080218599999995,-72.61816103207964,3,0
4345d3e6-acf2-303d-af18-9e2c6976bb75,0b5f4cda-f9ae-36a8-a94c-ffbf56f45236,Ardath226 Hodkiewicz467,F,GENERAL PRACTICE,210 MARKET ST,NORTH ANDOVER,MA,018451656,42.6839894,-71.1127065,1,0
24ff55fb-6d68-38d0-8638-84db78b6a8ec,aade280a-3b90-3e48-9648-91109a964a63,Johna806 Klein929,F,GENERAL PRACTICE,909 SUMNER ST,DARTMOUTH,MA,027473826,41.6332267,-70.9879928,2256,0
3274910d-cba3-3957-b803-0b00e1c20de6,7a3b8310-02eb-3c47-aa1b-3f55b3ed9de9,Leif534 Dare640,M,GENERAL PRACTICE,6 HATFIELD ST,NORTHAMPTON,MA,010602545,42.333172950000005,-72.6566355591273,559,0
0ab0aecb-9cd9-35c0-8d81-b5bbbe86e31c,ad007cc5-a3df-3aa7-886d-5123ab59d189,Antoine384 Maggio310,M,GENERAL PRACTICE,85 N WASHINGTON ST,NORTH ATTLEBORO,MA,027601634,41.98443775,-71.33190349847027,1,0
9ea352b7-48da-398a-8982-767ade02a5f5,440fa4b8-c731-3cf5-81d9-aa3f30a37b95,Joanna347 Abbott774,F,GENERAL PRACTICE,41 & 45 MALL ROAD,PEABODY,MA,019602901,42.5278731,-70.9286609,109,0
c10499b1-f756-3621-a4eb-058293c17c65,3b021cb6-4745-3d9d-8436-230055f770bd,Dusty207 Franecki195,M,GENERAL PRACTICE,148 CHESTNUT ST,NEEDHAM,MA,024943238,42.27728075,-71.23665362814043,3,0
d464b4a3-f66a-3206-bf97-2c7ddab64488,ce53c877-0290-390a-b4b4-2462001a1713,Greg949 Hilll811,M,GENERAL PRACTICE,847 ROGERS STREET  SUITE 201,LOWELL,MA,018524345,42.6275246,-71.27673639687623,13,0
6160e215-55a7-3065-9daa-50502514f670,57e4e5fa-d68d-3caa-a5ad-37beb1b51207,Latrina689 White193,F,GENERAL PRACTICE,800 WASHINGTON ST,NORWOOD,MA,020623487,42.1886973,-71.2005241,148,0
300522b1-bf91-3f16-8ddb-e46614afcda0,2befa435-3070-3350-a15c-e43ac1e84b24,Teressa589 Schuster709,F,GENERAL PRACTICE,575 BEECH STREET,HOLYOKE,MA,010406604,42.20105435,-72.628169560868,32,0
1632210e-2254-371a-bf63-30841d89d15c,b8421363-9807-3b16-a146-95336eea5cfb,Cleveland582 Kuphal363,M,GENERAL PRACTICE,30 LOCUST ST,NORTHAMPTON,MA,010602052,42.33032115,-72.65330802608176,3538,0
ada61588-5960-3669-8b57-4371e52663e3,37111f41-8bc5-35d3-9cd9-5b447a11ffd1,Derek111 Greenholt190,M,GENERAL PRACTICE,TEN INGALLS COURT,METHUEN,MA,018443712,42.7262016,-71.1908924,5,0
820ad48e-439c-379d-a944-bce64d8fc3a8,945104f1-4b95-3eed-bd02-5efa0afbf34d,Lauri399 Keebler762,F,GENERAL PRACTICE,20 CENTRAL AVE # 506,LYNN,MA,019011201,42.46410018181818,-70.9465129090909,1,0
498a6656-334c-3b19-a7dc-79be9e4c3f6b,752c7570-1637-36cf-8b74-03ea3acfa98c,Hiram237 Moen819,M,GENERAL PRACTICE,12 LITTLEVILLE RD,HUNTINGTON,MA,010509761,42.257603957277915,-72.87133712317558,68,0
f9a1e1ab-542f-3abd-84a0-1487e154af3e,1563fcb4-76a9-3ea4-863d-e276f38b9b3e,Josefina523 Viera553,F,GENERAL PRACTICE,700 ESSEX STREET,LAWRENCE,MA,018414396,42.7020708,-71.17231,19,0
6e079633-c6c6-36d5-bdfd-9c63dbd3b5d1,fbd4ccdf-2fdb-3652-9bbe-1ccff886bd34,Tana168 Collins926,F,GENERAL PRACTICE,320 CENTRAL STREET  UNIT A2,SAUGUS,MA,019062372,42.4632069,-71.0093761,4,0
43c700fc-5e58-3d93-b290-aaa103fef5ed,901c2d40-1ca3-3879-9a20-c663b8adc0a9,Chanelle850 Schuster709,F,GENERAL PRACTICE,800 WASHINGTON STREET,STONEHAM,MA,021802445,42.4863168,-71.0928919,19,0
7fa5384b-1d87-3a5e-8e5f-2642c2d26802,b9e35b8a-9831-32d8-a6dc-d7a546c126b0,Venus149 Blick895,F,GENERAL PRACTICE,111 HUNTOON MEMORIAL HIGHWAY  1ST FLOOR,SPRINGFIELD,MA,011092550,42.1018764,-72.5886727,69,0
fdb296f6-557a-3fda-9c5b-da9bd9b04e97,18df2721-3f76-3f83-94d5-63597cedd298,Gail741 Romaguera67,M,GENERAL PRACTICE,909 SUMNER ST,STOUGHTON,MA,020723396,42.1005097,-71.0830269025407,116,0
f423d80c-46aa-3a09-82d7-16f44fa6d557,38508743-50d1-3429-8fe2-37e42ddaf20e,Erick204 Mayer370,M,GENERAL PRACTICE,164 HIGH ST,GREENFIELD,MA,013012778,42.595268700000005,-72.59288632376354,32,0
8675b2ba-14a0-38a7-a788-e0d39834c16c,d6600c68-8a26-3a88-86e2-99517365c10a,Jerald662 Wolf938,M,GENERAL PRACTICE,175 Elm Street,New Bedford,MA,02740,41.635937,-70.92991,2931,0
ede73384-5957-378f-afdc-bcbcf04669dc,dd3307db-114c-3f11-be44-a9eef6bb3fc5,Daniel959 Casárez469,M,GENERAL PRACTICE,269 UNION STREET,LYNN,MA,019011201,42.4652772,-70.94362420273097,29,0
0bf95db7-6990-3b4c-b668-5bef78b47165,f2068cee-c75c-321d-9b2c-c33535db89c9,Charles364 Prosacco716,F,GENERAL PRACTICE,32 BOSSI AVE,RANDOLPH,MA,023682002,42.20017865,-71.0582074,44,0
73cb0139-b1b0-34f2-88d7-64a4b9d431d9,66505876-04a4-3f6e-9aa8-7232ee43ab76,Mohammad578 Rodriguez71,M,GENERAL PRACTICE,548 ELM STREET,NORTHAMPTON,MA,010602832,42.327755,-72.657308,5,0
4389c18f-a429-31fa-abde-1e56befeee37,15d4c950-4691-3996-b4c4-bf06bfb58ff7,Azucena377 Crona259,F,GENERAL PRACTICE,70 EAST ST,METHUEN,MA,018445883,42.7285558,-71.16833738237946,137,0
f2bf5170-3ebf-362a-87d5-2520396f3584,5018c664-e283-30eb-932a-529d9a19b3b5,Rochell365 Stehr398,F,GENERAL PRACTICE,300 SOUTH ST,WOBURN,MA,018014979,42.473347,-71.144086,157,0
2941920f-66cb-35fb-bd4d-9fe1e476697c,2e8b42f8-4300-30a9-a576-d513d1021a0a,Chris95 Haag279,M,GENERAL PRACTICE,600 CLARK RD,TEWKSBURY,MA,018761699,42.63120935,-71.27023603178071,104,0
d7ba4bef-f4df-323e-bc60-656ea82cb390,d140ed3f-2696-3e78-bd77-1c959ec4fc4d,Orpha286 Marks830,F,GENERAL PRACTICE,863 HATHAWAY ROAD,NEW BEDFORD,MA,027401916,41.6512968,-70.9669902070805,127,0
6374cc57-af63-3cbc-8322-caa79cefd93f,1cff30ba-b91f-3ea2-b80b-770d67856358,Duncan491 Halvorson124,M,GENERAL PRACTICE,359 JONES RD,FALMOUTH,MA,025403341,41.5591273,-70.60352436630029,6,0
196a4a3b-98c0-32d9-b438-1b1ce14c6b4c,4ff8b164-4cf5-3ab4-b0f2-7ce8fda920e5,Latrisha74 Mante251,F,GENERAL PRACTICE,800 WASHINGTON ST,WORCESTER,MA,016550002,42.180483,-71.867782,101,0
d9ebfa86-75f3-3053-a210-6f32cc637a62,8f22037a-070f-3fcf-8f39-fa879f0ae107,Albert312 Hermann103,M,GENERAL PRACTICE,567 DARTMOUTH ST,S DARTMOUTH,MA,027481826,41.61112,-70.93937914285715,11,0
f835c1c8-4856-32b9-a7c3-0d40ff908944,bccd7d67-203c-3d93-b6b0-bff5a146cd1d,Courtney281 Kihn564,M,GENERAL PRACTICE,286 WASHINGTON ST,STOUGHTON,MA,020721763,42.1384306,-71.1022598,13,0
bd843208-a250-391e-88a4-1b57908fdbe3,13f83225-b984-345a-a353-11237d5aadfb,Zonia753 Schroeder447,F,GENERAL PRACTICE,450 W RIVER ST,ORANGE,MA,013641408,42.5928702,-72.32953998953418,18,0
b4745906-8f68-3bb6-bfe5-c4e91c0a5036,6e290541-eba3-37fc-a3e2-e58f77e84c7e,Christeen33 Toy286,F,GENERAL PRACTICE,15 LENOX ST.,SPRINGFIELD,MA,011083122,42.085779,-72.55846414285715,34,0
25a27fd9-1cee-3eac-b3fe-561fa7378c3d,a2a41caf-758f-3962-8e5f-e6e603f93d17,Rhett759 Padberg411,M,GENERAL PRACTICE,111 HUNTOON MEMORIAL HWY,ROCHDALE,MA,015421305,42.2020225,-71.89891616754682,1307,0
7662ea87-e699-35f4-a354-260ea3519e04,ca62a361-9c79-32d1-92cc-ffc0d5d19679,Benedict104 Barrows492,M,GENERAL PRACTICE,19 HENRY ST,SHARON,MA,020671714,42.109147300000004,-71.20768205338297,41,0
dbb551dd-8de3-364c-893d-850fb227e075,0d24cc89-3256-330c-b36d-d8de8babef84,Will178 Bernhard322,M,GENERAL PRACTICE,1030 FALMOUTH RD,SOUTH YARMOUTH,MA,026641218,41.6667779,-70.1847414,49,0
66ad4278-c21e-3c73-b611-0156b2e4eefc,db28cc9a-fdfb-35a6-aef7-ab9b933ef244,Judy192 Gleason633,F,GENERAL PRACTICE,8 DANA STREET,CAMBRIDGE,MA,021385402,42.3694992,-71.11011030010101,179,0
b1d26e70-efa6-368f-8d05-9c03f40db3e7,b7bec03f-a254-3059-b3f7-616d9a70d26f,Mitch821 Powlowski563,M,GENERAL PRACTICE,751 SCHOOL ST,WEBSTER,MA,015702924,42.036747500000004,-71.88077470887096,4,0
07a455e6-b47a-3c10-8d6b-587e8e4c4a01,844a8cb2-4164-35b2-88b8-dffa2889a738,Shemeka786 Conn188,F,GENERAL PRACTICE,150 UNIVERSITY DRIVE,AMHERST,MA,010022232,42.368937,-72.53247107203978,8,0
5772067d-1a34-3d8f-b706-762b4c75e512,a6fb79e7-4abb-3a68-b62d-e501427fdca4,Barb55 Renner328,F,GENERAL PRACTICE,489 WASHINGTON ST STE 202,AUBURN,MA,015015709,42.187836,-71.83104,81,0
920c8f0d-b636-37ee-8bcb-e953945d9497,4e3c60e6-dbed-32c3-9b03-767d7fbc82b0,Gordon377 Lind531,M,GENERAL PRACTICE,222 RIVER RD,LEEDS,MA,010539783,42.364084399999996,-72.70745188531934,8,0
773f80e6-0287-3500-93a2-088bf7355394,9d0e702d-50a0-3f4c-9126-0951d560fd4b,Hellen346 Roberts511,F,GENERAL PRACTICE,189 MAY ST,WORCESTER,MA,016024339,42.25986305,-71.83597786023279,8,0
10e5ae9b-dfe6-3cd3-9976-e57e19a24ca0,81b1ef2b-8d3c-3923-859d-ae56099e037a,Lesley194 Bradtke547,M,GENERAL PRACTICE,19 VARNUM STREET,LOWELL,MA,018502132,42.6520846,-71.29979019978185,1,0
38d1983d-237b-3f0f-adc4-10c97c1e4f64,ea8d287f-b3a9-3800-8798-788e334ee406,Palmer257 Kuphal363,M,GENERAL PRACTICE,81 HIGHLAND AVE,SWAMPSCOTT,MA,019072928,42.4699241,-70.9171507,80,0
9556ba1b-0153-33f5-86f7-1ffd9fd692e4,c7542447-e06e-32cb-b6db-243c23a0dbc2,Chantell995 Krajcik437,F,GENERAL PRACTICE,30 WARREN ST,BOSTON,MA,021353602,42.3501483,-71.14393324457691,249,0
eedefa39-1a65-33ad-b49b-824ce1142445,50c47685-8125-3c50-8311-8bd7ba9e9108,Kirby843 McKenzie376,M,GENERAL PRACTICE,4199 WASHINGTON ST,ROSLINDALE,MA,021311733,42.2871447,-71.1277526,66,0
dd8a075d-eabf-3f32-b78c-7722bd6f4786,8bf5325a-c11b-35c4-b07d-17a5aeba8353,Rueben647 Okuneva707,M,GENERAL PRACTICE,815 WORCESTER STREET,SPRINGFIELD,MA,011511001,42.1018764,-72.5886727,5,0
d3dc6ab9-7e40-333f-a6b9-705e47b00b20,621bd7b5-3f4c-3555-8daa-f1216e352f33,Lashawnda573 Williamson769,F,GENERAL PRACTICE,34 AGASSIZ AVE,BELMONT,MA,024785023,42.38815185,-71.19406248191802,1,0
d74ad49a-d37d-3f3d-8e22-7c8e40fb3745,43e22208-dae0-3196-b30b-17b3c50679c2,Diego848 O'Kon634,M,GENERAL PRACTICE,147 PELHAM ST,METHUEN,MA,018442060,42.7288158,-71.20222773774655,68,0
665d7e8c-d7cc-3fbf-9310-cf69bf74a89d,aba3e6f6-4562-342e-b90f-dd61b117f394,Norbert530 White193,M,GENERAL PRACTICE,438 CHESTNUT STREET,SPRINGFIELD,MA,011072008,42.11291091861002,-72.59692685125127,2,0
4e420b90-494a-3f28-8143-d9edd29495df,a4b91172-69e7-3895-bd89-b9a0868de5c2,Shanita956 Wolff180,F,GENERAL PRACTICE,651 ORCHARD ST,NEW BEDFORD,MA,027441052,41.6149879,-70.93113851963673,440,0
1187359e-b707-3bfa-89a6-5d9d31a38c7a,30547c24-6d41-3a9d-8a21-cc3606224d38,Aurore252 Farrell962,F,GENERAL PRACTICE,1200 BRUSH HILL ROAD,MILTON,MA,021862337,42.23073215,-71.122659913074,1,0
cfcd9499-1df4-33e6-81d0-810185fcd799,eee00932-ca82-36bc-b7e8-e3fff6dbaeaa,Leif534 Hane680,M,GENERAL PRACTICE,450 BROOKLINE AVE,WEYMOUTH,MA,021893141,42.2212188,-70.9391625,18,0
9d755020-5250-3f53-948d-e575fd670fe5,be509ccb-bfb7-3b87-8945-8426b689ef9d,Chong355 Balistreri607,F,GENERAL PRACTICE,2049 DORCHESTER AVENUE,BOSTON,MA,021244742,42.3554334,-71.060511,16,0
e8d254fc-cfdd-3339-8199-e62c8f5df9cf,065eba51-cef7-3976-8654-ba8e7df887ce,Gabriela205 Montes106,F,GENERAL PRACTICE,1165 NORTH PLEASANT STREET,AMHERST,MA,01002,42.40927615,-72.52971238527101,14,0
b378746a-2b8b-3d49-be5d-f3bde8051e3b,71455c27-ff31-3c99-a1ac-9773f7bcba96,Patrice780 Walsh511,F,GENERAL PRACTICE,6 MORRILL PL,AMESBURY,MA,019133502,42.84870445,-70.9320636014072,2,0
9626b190-3ec4-3152-b68f-2ed2f3de1dd0,6873525f-1680-3ceb-b536-270d44b46e2e,Lai148 Nicolas769,F,GENERAL PRACTICE,500 COLUMBIA RD,DORCHESTER,MA,021252322,42.3147979,-71.067633,40,0
9484a47f-c527-33e3-a1d8-53bb6c22ba72,f8918a95-31e8-3ac4-8d12-29ca6080ebda,Domitila545 Vandervort697,F,GENERAL PRACTICE,199 REEDSDALE RD,MILTON,MA,021863926,42.251368299999996,-71.0768393856917,226,0
39d8105e-7a65-39ac-a16e-1db4b3655c18,bce5b907-584b-345d-bbcf-912cf56cb6c3,Monte325 Parisian75,M,GENERAL PRACTICE,11-15 SANDERSDALE ROAD,WORCESTER,MA,016032467,42.0667952,-72.0084995,119,0
a37d3941-24b7-3be1-b9db-f7e2a255db81,8d5880eb-1dd8-31ea-b7c5-21709f3bb341,Nicholle822 Satterfield305,F,GENERAL PRACTICE,50 ROWE ST,MELROSE,MA,021763201,42.4592093,-71.06078096379728,71,0
304a3974-0eec-39e1-9987-19a13dd343be,fd650ebc-a642-3818-b073-692473cd31f1,Larisa542 Kris249,F,GENERAL PRACTICE,900 CUMMING CENTER,BEVERLY,MA,019156181,42.5584284,-70.8800491,50,0
e9800075-0b38-3f5b-bfdd-b5b10a8eca4a,3ff0f58b-7a1f-3334-9449-ff15f68b7d86,Winston220 McCullough561,M,GENERAL PRACTICE,275 SANDWICH ST,PLYMOUTH,MA,023607761,41.94186605,-70.6455366462985,25,0
f8511299-5ab1-307a-9bc1-d2dd8fd031ef,70e3ad4f-b9ff-3f3e-9990-2cd7e23a9d1c,Tambra47 Bosco882,F,GENERAL PRACTICE,1238 RIVERDALE ST,WEST SPRINGFIELD,MA,010894675,42.1373438,-72.62624707492338,27,0
3e1b1e6c-1644-3c3e-9629-fabb9a80490c,9cfdd210-a2ed-34d6-9381-2f5d999011ca,Edith654 Beier427,F,GENERAL PRACTICE,21 HIGHLAND AVE,NEWBURYPORT,MA,019503873,42.814341671166744,-70.88998002772408,39,0
1d811b10-70ae-3228-84f8-cc18ad47737e,dd280187-8662-3732-af81-595d10572911,Mertie42 Lakin515,F,GENERAL PRACTICE,4499 ACUSHNET AVE,NEW BEDFORD,MA,027454707,41.74026055,-70.9450945705336,183,0
1243aeba-2261-33c2-9c44-3b2934ceba86,a6964d47-8af0-3df2-b99d-d8414eb1cfa3,Reggie481 Schiller186,M,GENERAL PRACTICE,200 MAY ST,SOUTH ATTLEBORO,MA,027035520,41.924394750000005,-71.36076410900014,252,0
8298847a-599e-3668-93fe-6b4cb26eb685,004554b4-3068-3938-832d-fa7cbe1cd1fb,Luba688 Littel644,F,GENERAL PRACTICE,25 STONEHAVEN DRIVE,WEYMOUTH,MA,021903951,42.1589443,-70.94970431672323,9,0
61c08c6f-93b6-3dcf-b200-ad998d59464f,dae3ee01-f383-366e-9ad6-dc92963064ea,Kristin64 Will178,F,GENERAL PRACTICE,1233 MAIN ST,HOLYOKE,MA,010405381,42.16578055,-72.63389634691956,14,0
ebd21b58-2f2f-367a-b1cc-7eed4c2c90de,a7b047dd-186a-32de-8187-b0853c05aed6,Melida518 Mayert710,F,GENERAL PRACTICE,180 LOW STREET,NEWBURYPORT,MA,019503519,42.815683050000004,-70.89666045994463,9,0
e4679dbf-1736-3c8f-abe4-aad0d074c510,dac75bc1-cbfa-306b-9a0a-88d5edf3638d,Henry768 Ebert178,M,GENERAL PRACTICE,170 COREY ROAD,BRIGHTON,MA,021358244,42.3433093,-71.14003855124017,6,0
b5bc44be-b0f7-393e-9ba3-9143604a59e2,f82ff162-c689-3682-876c-220cf96eb97b,Billy698 Schoen8,M,GENERAL PRACTICE,74 MAIN ST,FRAMINGHAM,MA,017022952,42.2976266,-71.42605348361442,35,0
67339fa0-8419-375c-93cf-66493d6c411b,92d919ab-8380-3fda-a5f1-838e69b819c1,Jarrett354 Gutmann970,M,GENERAL PRACTICE,300 TRADECENTER STE 4750,WOBURN,MA,018017420,42.4994143,-71.161659,43,0
2fdc3374-dbd0-3e81-b4f0-906065155980,f341c366-8313-3790-ab26-d8d27b116ff5,Augustine565 Greenholt190,M,GENERAL PRACTICE,80 LINCOLN STREET,WALTHAM,MA,024535465,42.39322121170625,-71.24104146434591,26,0
c112f78f-3645-37a3-b61c-3ddf0b8b09ce,1de1aeee-4088-391b-af7a-95d7cfaeaf32,Jerrod232 Denesik803,M,GENERAL PRACTICE,57 PROSPECT ST,NANTUCKET,MA,025542799,41.27514065,-70.10108985970798,124,0
a15c310b-79c3-3410-bc75-77ecf7309de7,f312977e-8f41-3816-84cc-e5b12ba36955,Harlan808 Langosh790,M,GENERAL PRACTICE,1153 CENTRE ST,JAMAICA PLAIN,MA,021303446,42.3017598,-71.12855793387442,71,0
e7ef3ff0-7fc0-3739-9a9b-fa3ab73ac788,5c896155-eb9a-383e-9162-a43ebb7f1cc5,Nannie905 Mayert710,F,GENERAL PRACTICE,400 LINDEN PONDS WAY,HINGHAM,MA,020433784,42.1972249,-70.91712645007524,1,0
5c62ffcd-a5b7-3e7b-89e4-e80345595b7f,c5403c4f-14d5-3171-9227-a9b8327f3149,Lonnie913 Ferry570,F,GENERAL PRACTICE,52 OLNEY RD,CHICOPEE,MA,010202103,42.1487691,-72.6071119,28,0
55c32164-eb81-33c1-bbe1-c047898364d7,a730c5e6-a15f-3e36-8112-8579e507d330,Drew592 Ankunding277,M,GENERAL PRACTICE,28 LORD RD,MARLBOROUGH,MA,017524549,42.34718040987546,-71.57283065352654,59,0
f5c577f3-f5be-39b5-9389-c4c4760dc573,4ffc4e4b-9d8d-3c30-ad84-fc9a7209da94,Margarita164 Lucero848,F,GENERAL PRACTICE,4525 ACUSHNET AVENUE,NEW BEDFORD,MA,027454727,41.74080975,-70.94731021257817,14,0
962a75df-1d0e-3464-82ed-c0b99b2dc372,e69e7cbb-8362-30d1-83f2-3a0c492fe2b1,Isaac321 Kub800,M,GENERAL PRACTICE,110 LONG POND RD,PLYMOUTH,MA,023602642,41.9255829,-70.65514326847389,160,0
6ef1b381-6975-34d5-85bf-ebbbd3072731,8e1aab52-fc16-3b51-ac7b-30379ebf5630,Maria750 Durgan499,M,GENERAL PRACTICE,168 INDUSTRIAL DR,NORTHAMPTON,MA,010602379,42.335726,-72.63284732269418,96,0
9b56c812-4cc7-37d5-a139-12e12f776e70,db106514-f254-3402-b6a4-6d210c78c7e2,Morris740 Runolfsdottir785,M,GENERAL PRACTICE,211 FRANKLIN STREET,QUINCY,MA,021697833,42.23691085,-71.00237199954586,12,0
b63e3f10-4fc6-393d-b412-7cd4c3ebfb10,ee7fab6f-6438-394f-b1f2-3e452f8f055a,Trey250 Satterfield305,M,GENERAL PRACTICE,75 BRIMBAL AVENUE,BEVERLY,MA,019156009,42.570099299999995,-70.87108224250409,10,0
eaa7641c-1feb-3e38-84b5-fccc266a46a3,352f2e3b-0708-3eb4-9f7e-e73a685bf379,Gregg522 Willms744,M,GENERAL PRACTICE,157 UNION ST,SOUTHBOROUGH,MA,017721215,42.3056501,-71.5245087,45,0
4e0908e9-eb3d-36c7-921d-860d19ade5f4,49fa72da-905b-3258-b22a-06e007c74c81,Theo630 Weissnat378,F,GENERAL PRACTICE,30 CAPITAL DR STE A,WESTFIELD,MA,010851832,42.1390327,-72.7584859,4,0
15169e69-493d-36b3-bd84-d97639b40e21,ef95a6b4-cf95-32c2-b6e5-0488faaa3ac4,Han309 Walter473,F,GENERAL PRACTICE,259 LOWELL ST,SOMERVILLE,MA,021442666,42.3922293,-71.1061564,13,0
f09f0010-e260-360d-9b2a-4888454ff593,a2d45ee8-b930-3169-b612-f602961ad212,Valentine262 Leannon79,M,GENERAL PRACTICE,37 MINUTEMAN WAY,SHREWSBURY,MA,015452229,42.288207,-71.73443816915585,28,0
5720423f-efe3-3fac-843f-94270b45d0f8,0fa1cab9-83c1-3c85-b7bc-53d8b922e2f7,Rod343 Frami345,M,GENERAL PRACTICE,115 LINCOLN STREET,WORCESTER,MA,016081216,42.2768165,-71.795274,20,0
291943cb-0918-3681-9b1d-8fcd8e5cf3ac,4fa643ae-1f58-3c2e-9f33-0ba56345ad10,Sharyl439 Williamson769,F,GENERAL PRACTICE,361 MAIN ST,WAREHAM,MA,025712153,41.761384899999996,-70.71911431737183,59,0
d6c20f39-6a19-34c4-bdee-c759fc4834ec,fa34d205-5ac2-3ba2-80a4-bef345dc57f5,Shawnna218 Daniel959,F,GENERAL PRACTICE,37 BROADWAY,ARLINGTON,MA,024745552,42.408086,-71.135914,1,0
5f62d8ba-e3d8-38e5-91ec-18b86b64fd9e,2b97893e-dc50-378b-a266-f089b8450329,Gary33 Torphy630,M,GENERAL PRACTICE,250 MOUNT VERNON ST,DORCHESTER,MA,021253120,42.3194571,-71.04610844302991,30,0
d47512eb-602b-3d08-aae5-0907657a7d2a,d0894f6b-78d7-338d-82ad-b63de4d40014,Lynsey2 Lemke654,F,GENERAL PRACTICE,330 MOUNT AUBURN STREET,WALTHAM,MA,02452,42.3756401,-71.2358004,156,0
f17896c1-e792-3637-9f03-542cfa9ca17a,3d5fbf38-c781-3e04-8c7e-5a402611b7d4,Enriqueta274 Barton704,F,GENERAL PRACTICE,260 ELM ST,SOMERVILLE,MA,021442951,42.3955992,-71.1227391,83,0
590fb15e-07b4-31cb-b9a9-b80ad6333c9e,f43f97f2-af04-3ed0-a42e-3681718cc9b2,Jacques50 Quigley282,M,GENERAL PRACTICE,725 NORTH ST,PITTSFIELD,MA,012014109,42.4600752,-73.2492795834909,48,0
3347569e-4d54-3551-aed5-681647413293,fd5342f0-10c0-3f48-9c7e-7100a64db139,September423 Abshire638,F,GENERAL PRACTICE,30 PRINCETON BOULEVARD,LOWELL,MA,018512405,42.6353691,-71.3322833,5,0
9fb4b6d8-ca5a-366f-a302-00689f7917cd,2f67494e-f17e-3248-ba68-3ca42913cca1,Majorie11 Bergstrom287,F,GENERAL PRACTICE,184 MAIN STREET,FAIRHAVEN,MA,027193259,41.646106,-70.90865208079187,60,0
b7ed2adb-2123-3e2f-8dda-36bf48b9a924,0d19a52f-6f9b-32aa-9aad-6b7027cc668e,Spencer878 Mills423,M,GENERAL PRACTICE,7 SANDISFIELD ROAD BOX 216,SANDISFIELD,MA,012559621,42.1131485,-73.1299243,191,0
91a3d7b1-9212-3a6e-8a7c-f6c2f580efbe,88975fd9-b47e-3af6-af78-c58e1ecf0d5e,Azzie965 Feil794,F,GENERAL PRACTICE,115 W SILVER ST,WESTFIELD,MA,010853628,42.1178811,-72.75935246865802,97,0
839e0f1e-bf24-348c-8917-f706ff3c645a,b5789b71-fc8e-3b7e-9eb2-3fc577943117,Elvia127 Miller503,F,GENERAL PRACTICE,81 RESERVOIR DRIVE,ATHOL,MA,013314901,42.581152349999996,-72.18775715069674,85,0
d1db7ff9-362a-3761-8cee-55d0af23efc2,069b90f9-309b-35e4-b990-d1dbacb962cc,Leo278 Strosin214,F,GENERAL PRACTICE,36 LOWER WESTFIELD ROAD,HOLYOKE,MA,010402749,42.16975305,-72.63488031242107,8,0
e75631e3-36db-303e-b15f-7ee2ed8b6662,4ba48ef6-19f2-3177-bfaf-096daaebf26a,Gerald181 Wunsch504,M,GENERAL PRACTICE,275 TURNPIKE ST,BRAINTREE,MA,021845328,42.2064195,-71.005067,27,0
be2f3f29-782b-30a2-9265-a1849d165838,d087a353-12da-3785-b121-fb1291f8a721,Thad495 Baumbach677,M,GENERAL PRACTICE,17 CLARENCE ST,WORCESTER,MA,016052430,42.287673653061226,-71.80890779591836,27,0
15dd2be7-f421-399a-b122-c7efd8b3bb98,e5ce3b83-f5e6-308d-aa64-82539fc2d906,Jorge203 Batista148,M,GENERAL PRACTICE,1842 BEACON ST,BROOKLINE,MA,024451922,42.33728028715071,-71.14536064081996,2,0
0362503b-ef40-3df9-8dd5-2b7629be3ae5,90044527-f49c-3399-b978-7f64914e8f5e,Forest317 Hilll811,M,GENERAL PRACTICE,397 COUNTY STREET,NEW BEDFORD,MA,027404933,41.630275999999995,-70.92928239809834,1,0
510b3c7e-42d1-3c31-a792-09ca9284bceb,a2047ff6-62f2-34d7-beb9-7e164d989c75,Frederic454 Larkin917,M,GENERAL PRACTICE,1200 CENTRE STREET,ROSLINDALE,MA,021311011,42.29768,-71.130463,2,0
f8976d75-f40c-399d-8ac5-b1563f674b5d,0a8a4b11-d0b8-3cd2-92cd-983de5189cfa,Javier97 Zamudio115,M,GENERAL PRACTICE,111 BIRCH STREET,LYNN,MA,019021574,42.47859105,-70.93458444045801,7,0
da772179-9fbf-3d11-8ed4-305c27d9e09b,7b7ce654-a413-37d1-9d34-97240c0ac580,Landon622 Kihn564,M,GENERAL PRACTICE,1 WRENTHAM ST,BELLINGHAM,MA,020192532,42.025037350000005,-71.48945118224057,2,0
169cb697-d70b-34e9-89c2-a8fef835f5a9,7b20d1c4-c56b-3647-801c-5e4e13679073,Sofia418 Chapa957,F,GENERAL PRACTICE,275 SANDWICH ST,PLYMOUTH,MA,023602183,41.94186605,-70.6455366462985,661,0
374372b4-af4c-3e17-877e-05a53cf0345a,746d44ea-be0d-39c5-8729-50bc9b30690b,Vikki110 Abernathy524,F,GENERAL PRACTICE,29 CRAFTS STREET,NEWTON,MA,024581271,42.3548137,-71.1999357,11,0
dfbad2b3-4be0-33b4-8993-503efe6faa42,3e97ce4f-3ad7-3cea-883f-e2bb4ca89d83,Dan465 Swift555,F,GENERAL PRACTICE,30 NEW CROSSING RD,READING,MA,018673270,42.51809619399502,-71.0959083715027,324,0
282d82da-d10c-3833-94a4-604061bb03a5,c0132cf6-1703-3aad-89b4-cc2f2bbc123e,Neville893 Schoen8,M,GENERAL PRACTICE,66 NEWTON STREET,WALTHAM,MA,024536058,42.3746705,-71.22789736306842,94,0
d5c8a2c0-ede9-308b-8c82-f9ee1a13b12f,4f59f709-8b84-3d27-a04b-c6b7b5544413,Natividad796 Davis923,F,GENERAL PRACTICE,70 BOLTWOOD WALK,AMHERST,MA,010022271,42.3768779,-72.51840280783739,146,0
ce100c10-b35b-33ca-a4c6-6353814769ee,6d6ef57e-b2ce-3a69-bacf-4305c51834b0,Frankie174 Skiles927,M,GENERAL PRACTICE,186 HIGHLAND AVE,SOMERVILLE,MA,021431507,42.38845955,-71.10666839512322,5,0
e5c90c4a-40fe-33f3-a0b1-22a047edb8de,552ede7f-2ba4-39ef-9217-29d27b89b8a7,Shameka870 Reichert620,F,GENERAL PRACTICE,87 SHATTUCK STREET,HAVERHILL,MA,018302319,42.796917699999995,-71.05216081525802,2,0
82ecd89a-3616-3d51-b909-5099a2c779d4,79d49935-bcc0-36ca-920b-45365c367438,Sherita708 Hudson301,F,GENERAL PRACTICE,409 W BROADWAY,SOUTH BOSTON,MA,021272245,42.336831,-71.047958,31,0
a31636fb-ec9e-3cee-a5a8-8d6e653dd54e,0f2c58ec-5323-3c0f-9bdf-af0df7eb2a2b,Verónica383 Nieves278,F,GENERAL PRACTICE,130 DORCHESTER STREET,SOUTH BOSTON,MA,021272642,42.3334312,-71.0494949,11,0
5de0c416-5783-3460-8866-f12e00b15cba,666c3e81-2ec6-3bff-9dcc-a704edd86960,Ivan258 McClure239,M,GENERAL PRACTICE,770 CONVERSE STREET,LONGMEADOW,MA,011061719,42.0639853,-72.5521444,4,0
062fc329-b152-3e4a-9e23-2d6135d5dd23,c6b019eb-28ec-36f6-abf3-bcc4d1d58966,Sherwood961 Aufderhar910,M,GENERAL PRACTICE,33 AVON ST,WAKEFIELD,MA,018802310,42.50403445,-71.07462951514611,66,0
f0bcb129-20b5-38ad-9af9-e4fd74320273,31e00f85-6909-3d9f-afc6-5ae507ab0c06,Kyle55 Collier206,M,GENERAL PRACTICE,382 GROVE STREET,BRAINTREE,MA,021847324,42.189369400000004,-70.98451984814267,63,0
daac5afd-3193-36cb-b453-942ca87cec33,dd8f40be-2c90-347a-abf6-c07a5ad4148f,Kirstin394 Bashirian201,F,GENERAL PRACTICE,105 CHESTNUT ST,NEEDHAM,MA,024922520,42.2784618,-71.23770041644639,9,0
b4284e66-a048-3fda-9274-adc3de1869bf,06376cbe-4880-384b-b459-7ce3eef36ced,Cody889 Ratke343,F,GENERAL PRACTICE,387 QUARRY ST,FALL RIVER,MA,027231026,41.6932713,-71.1402431739568,33,0
f2453014-cc6c-3839-9218-34c91ab54410,2836d9ac-c6a6-39d1-8f13-fdf0fc8928f4,Alysha630 Koch169,F,GENERAL PRACTICE,365 EAST ST,TEWKSBURY,MA,018761950,42.6069472,-71.2180803,354,0
5c6166a3-c016-3003-b04d-958707e81bab,82c72223-f521-3a34-9b9b-4ff366365399,Margaret865 Reinger292,F,GENERAL PRACTICE,2100 DORCHESTER AVENUE,QUINCY,MA,021691870,42.2509914,-71.0037374,19,0
e73dd5cc-934c-3a17-a394-16988916a3eb,7c625dc4-2593-31eb-95fd-6a912832b8bb,Ronny764 Braun514,M,GENERAL PRACTICE,980 WASHINGTON STREET  SUITE 124,DEDHAM,MA,020266704,42.228918,-71.18501264023513,17,0
7e763f28-7924-3aa2-a707-95691a071f82,04b252db-4231-3cb5-963d-6f096fb4b97c,Horace32 Grady603,M,GENERAL PRACTICE,1177 PROVIDENCE HIGHWAY,NORWOOD,MA,020625019,42.194543,-71.1994976,3,0
8a12ba7b-38bd-3714-ae4f-627a6ce7d8d9,e2eab39c-5195-34aa-b35f-e89e37cfed01,January966 Roberts511,F,GENERAL PRACTICE,55 FOGG ROAD,WEYMOUTH,MA,021893141,42.175539799999996,-70.9539153674405,186,0
8e62f8c1-8876-33f0-8d09-49ee54ecf8d2,4fa8411f-42f8-3353-8947-bf15254c9dee,Lane844 Gutmann970,F,GENERAL PRACTICE,90 GREENWOOD STREET,WAKEFIELD,MA,018804039,42.476321150000004,-71.06922169005762,4,0
a47007f4-b97c-3490-abc5-9b50c480184b,a977feef-f585-3fa8-8deb-7e60fc2cab30,Keneth579 Schulist381,M,GENERAL PRACTICE,2314 MAIN STREET,TEWKSBURY,MA,018763128,42.58023655,-71.19367180835906,6,0
59916770-94e0-3aad-9f0a-6a7037d979c6,3f75cc55-b046-3d03-b4ff-ec338624ce10,Sanora914 Jacobs452,F,GENERAL PRACTICE,77 WOLCOTT AVE,NEW BEDFORD,MA,027451033,41.6362152,-70.934205,47,0
760edaef-9c8f-3954-95d2-534088dcd23c,940d491c-ad61-3bd3-9054-d6d884280934,Petrina721 Huels583,F,GENERAL PRACTICE,321 CENTRE STREET,DORCHESTER,MA,021221112,42.29394375,-71.06005213312326,1,0
05a8ac37-8761-38dc-bdc8-51186521ed3f,f52777bd-7313-3b27-8dd5-cd3f87bd3275,Larraine124 Torphy630,F,GENERAL PRACTICE,9 HOPE AVE,WESTWOOD,MA,020902914,42.2139873,-71.2244987,31,0
9740b209-2b1f-3bbe-b52e-08328688067d,4705a8fd-19cd-32c1-8b3e-34bcfe84d0bd,Wynell591 Mayert710,F,GENERAL PRACTICE,55 N WASHINGTON ST,NORTH ATTLEBORO,MA,027601607,41.983529,-71.332241,40,0
ca825611-84d0-3572-ba24-7589e5099baf,497f39dd-280e-3d58-af5b-c5e3a3a09b10,Randy380 Bergstrom287,F,GENERAL PRACTICE,27 PARK ST,HYANNIS,MA,026015230,41.65363635,-70.27352219234834,153,0
1041eef5-7682-3b01-9f0a-c7cef111a113,eaaf102d-0188-3a69-a751-030645e2a7b0,Errol226 Kiehn525,M,GENERAL PRACTICE,605 MAIN STREET,WAREHAM,MA,025711031,41.76766153042966,-70.73096212925822,6,0
6870592b-9664-3e7d-a4ad-44d659bbd2e9,578b56de-fe9c-32e1-aea4-876f8bc01e9c,Ollie731 Dooley940,M,GENERAL PRACTICE,49 HILLSIDE STREET,FALL RIVER,MA,027205211,41.707406500000005,-71.14593659462452,63,0
e7c53e6a-8af0-30b7-892e-6b47bb6d795d,0d7fd824-1c7b-3f8b-a662-f6c2005e82e1,Arminda86 Trantow673,F,GENERAL PRACTICE,88 MASONIC HOME ROAD,CHARLTON,MA,015071394,42.1389039,-71.9782681,5,0
875ecff3-fc81-3df9-8fbd-203820832f56,a525d084-5a8f-3859-a048-2130a4092ec8,Samuel331 Runte676,M,GENERAL PRACTICE,2 MOUNT ROYAL AVENUE  SUITE 350,MARLBOROUGH,MA,017521976,42.34042135,-71.57841367654626,3,0
1b7049ae-deeb-3f5f-98ef-588ac4fa33f5,accb8cdd-6560-3fef-b0a6-f12c3295026a,Kerrie266 Bergstrom287,F,GENERAL PRACTICE,969 PARK STREET,ATTLEBORO,MA,027035115,41.9266899,-71.2611303145582,13,0
53d01d6b-fdab-3255-947e-df68ba7b6b09,390a2aa4-70b4-3a64-a12f-9bd777834c8d,Inés791 Colón139,F,GENERAL PRACTICE,710 MAIN STREET,HARWICH PORT,MA,026461931,41.669654699920855,-70.06169919459835,72,0
f1b9924b-0d11-3210-b255-241eda874ffb,b52544d0-e4d4-37b4-a0cc-cd31ce2ad580,Shawn523 Fahey393,M,GENERAL PRACTICE,575 OSGOOD ST,NORTH ANDOVER,MA,018451975,42.700032750000005,-71.10447421114826,1,0
1f934df4-8237-32b5-a07b-d8f55e56a1f3,18a96051-91f4-3cba-af96-056ea14dfee0,Silva841 Grimes165,F,GENERAL PRACTICE,25 HIGHLAND AVENUE,NEWBURYPORT,MA,019503872,42.81369325,-70.89091645747592,156,0
1d3ab6c6-7124-3055-984e-86a042486c68,1ab2b5f9-cb95-3236-beec-9b9d4a407c61,Latoria810 Eichmann909,F,GENERAL PRACTICE,725 NORTH ST,PITTSFIELD,MA,012014109,42.4600752,-73.2492795834909,141,0
de1b3aab-457e-3573-98dd-3aa00676b7a2,41e2a44c-477c-3511-96f9-12c476aa3b6a,Antwan357 Lindgren255,M,GENERAL PRACTICE,85 E NEWTON ST,BOSTON,MA,021183553,42.336277100000004,-71.07085295687423,220,0
fff2c7cb-e45d-32a7-aa36-c679a48786a6,5b0cd0a0-f277-3a66-bee6-d64b5be4a3f5,Maryann106 Hintz995,F,GENERAL PRACTICE,725 NORTH ST,PITTSFIELD,MA,012015493,42.4600752,-73.2492795834909,441,0
17a50303-2515-332c-92b9-8ddcf2a5f4d9,363631be-d437-3548-98c2-d10b909c1721,Elaina826 Ferry570,F,GENERAL PRACTICE,50 MANSION DRIVE,ROWLEY,MA,019691026,42.73718535100735,-70.88053187301136,6,0
b62e3110-e093-319c-b5e8-72ae5d4eca5c,c1986c0c-f756-3596-8f90-08adacf220fe,Dong972 Auer97,M,GENERAL PRACTICE,73 CHESTNUT STREET,SAUGUS,MA,019061605,42.4573919,-70.9918055,4,0
531dc701-13b1-3baf-ba29-434b8d6d9913,81bf8321-f3b9-329d-8c7d-e50fc1141351,Pilar644 Carrasco324,F,GENERAL PRACTICE,35 WINTER ST STE 301,HYANNIS,MA,026013893,41.6528525,-70.28654323707113,29,0
88de9424-8c12-3eb4-8014-76d08cda3bce,18b1bb7e-2f93-3253-a7ae-d19c13ffeaa1,Derick144 Bashirian201,M,GENERAL PRACTICE,29 E 29TH ST,WEST NEWBURY,MA,019854201,42.8014795,-70.989778,31,0
a873e197-d790-3987-a2fd-d5a6ea8c8168,67d2f85b-ddc7-3ed0-b90b-6fa5b7b8358a,Norah104 Jenkins714,F,GENERAL PRACTICE,43 FOUNDRY AVE,WALTHAM,MA,024538313,42.37050535,-71.21908334877376,109,0
d5ce3713-a1f1-30d1-8f41-17c415c808c9,0d9b0d22-585e-3fd8-ab02-26b5be7915d1,Jean712 Koelpin146,F,GENERAL PRACTICE,516 CAREW ST,SPRINGFIELD,MA,011042330,42.12133575,-72.59217953646302,70,0
a5205ba1-12ed-357d-aa50-fa63ee0204bc,2fb637d0-f66b-3554-858f-20386cab921d,Landon622 Gerhold939,M,GENERAL PRACTICE,248 PLEASANT ST,METHUEN,MA,018447149,42.7401864,-71.17053059694246,20,0
c6fb46c2-8f16-34fc-abcc-9c16d086b3c9,0d1570ab-371c-3898-9397-95905d8c5166,Santina680 Dicki44,F,GENERAL PRACTICE,750 WASHINGTON ST,BOSTON,MA,021111552,42.3499038,-71.0631836,294,0
42d95450-16d3-3a49-8bb5-3f4a5296b5e9,1853aeef-5897-326a-80d6-aa4b0459eb6d,Jewel43 Kassulke119,M,GENERAL PRACTICE,381 WICKENDEN ST,ATTLEBORO,MA,027032247,41.9438129,-71.2806515,222,0
c5466b31-c0cb-387b-8fd1-78d6f82c5202,4b7e26e6-e5b1-38c9-b4ac-fde9a0f93177,Maggie320 Eichmann909,F,GENERAL PRACTICE,38 BROAD STREET,QUINCY,MA,021694604,42.2560352,-70.99469254391217,29,0
c404573b-1e24-3385-947e-01ce09430b64,01bb7b5c-f850-3c4e-a3f1-442d8273559a,Dennis979 Effertz744,F,GENERAL PRACTICE,395 PLEASANT ST,NORTHAMPTON,MA,010603914,42.3150543,-72.62555561349089,186,0
ae4664c5-0a47-36cd-9bf8-38d9b32aa46d,2ca615f3-87f7-3283-a447-d919a883b676,Isaias604 Dickinson688,M,GENERAL PRACTICE,1399 WASHINGTON ST,HANOVER,MA,023391653,42.1441354,-70.8440854,6,0
677b7521-25f0-3a19-9ae4-32d2ba83c6b5,c0a33465-d309-3d2a-932e-9d554a7cc19c,Veronika907 Rogahn59,F,GENERAL PRACTICE,100 CENTURY DR,WORCESTER,MA,016061244,42.3138278,-71.7707002,20,0
6ab5604d-a39c-3702-88d4-953261dac06e,7f32dd7d-5c35-3ddb-839b-8fbbb930d412,Tyron580 Littel644,M,GENERAL PRACTICE,863 CENTRAL STREET,FRAMINGHAM,MA,017014813,42.30758060362541,-71.42846215724606,18,0
c8b50c87-06bd-3186-9015-d2e08c45b8c9,65bd3883-56ee-3eea-8e86-b7e677a30727,Dan465 Block661,M,GENERAL PRACTICE,150 FLANDERS RD,WESTBOROUGH,MA,015811017,42.2770724,-71.5679154706427,1,0
fa8f8e72-8539-346b-a2b6-49479b697228,cac6f8b3-eafd-31b3-9fa3-8015752ccc2c,Celine582 Pagac496,F,GENERAL PRACTICE,123 SUMMER ST,WORCESTER,MA,016081216,42.26496835,-71.79655403681465,43,0
cf18a5db-8da6-3927-8b8f-3203ef46156a,1b3fe590-8793-3f08-865d-01fc425a84d4,Fredrick998 Wintheiser220,M,GENERAL PRACTICE,1340 BOYLSTON ST,BOSTON,MA,022154302,42.34392675,-71.09888049065322,79,0
a980d6b6-961a-39fe-b5b9-e1ec0639870d,3f12ebb4-e03c-3453-88d2-4fc9682383df,Irina619 Stiedemann542,F,GENERAL PRACTICE,726 COUNTY ST,NORTH DARTMOUTH,MA,027473603,41.6389926,-70.9703171,290,0
6ace448f-93da-3d7c-bfd3-6120d30dd040,9c9d017c-0a4d-3e03-9802-4d310ea05c71,Essie785 Schaefer657,F,GENERAL PRACTICE,70 FULTON ST,BOSTON,MA,021091402,42.362439499999994,-71.05377386223965,1,0
d379ee39-9036-363c-9c77-eab24ac22641,8ec2ca51-abb4-35dd-b90f-6c6aad6d2124,Oda116 Conn188,F,GENERAL PRACTICE,22 JOHNSON STREET,PEABODY,MA,019602311,42.54644385,-70.99288129112277,4,0
6d2f36f9-4ee8-3391-b318-fd14fc2ab2b5,8af3b144-0e1a-3c90-937d-81a4ed026080,Guillermo498 Fay398,M,GENERAL PRACTICE,800 WASHINGTON STREET,NORWOOD,MA,020623489,42.1886973,-71.2005241,178,0
61b59676-a4bb-34a3-95f4-84491c3b36dc,a35fd733-dc1a-33f0-a308-292ff5581287,Phil587 Schaefer657,M,GENERAL PRACTICE,15 STRAW AVE,FLORENCE,MA,010621491,42.335654,-72.663286,248,0
7ac9be4f-bc49-3d46-a1d7-d55a33aeda95,b014aec7-7bd8-351f-8808-3e280cbc5be6,Sergio619 Volkman526,M,GENERAL PRACTICE,70 EAST ST,HAVERHILL,MA,018306700,42.7777829,-71.0767724,52,0
cfd2f073-4cae-3efe-9412-ef904174879d,b3b56527-d366-3353-bca9-266a12f23051,Gil594 Schroeder447,M,GENERAL PRACTICE,60 QUAKER HIGHWAY,UXBRIDGE,MA,015691628,42.06100105,-71.62352848737622,6,0
b7fc06ea-a15b-312b-af1d-fd149fb1c311,125eccb3-d003-34ea-9bd8-360dff059782,Débora815 Bonilla161,F,GENERAL PRACTICE,125 PARKER HILL AVENUE,DEDHAM,MA,020266146,42.2489143,-71.1755732,62,0
c6e8453d-e5e7-3f0d-a4a4-78117314f0b8,52323856-2b6a-3c09-8277-7d4ff9cb325a,Vanna750 Schuster709,F,GENERAL PRACTICE,99 PARK STREET,BROOKLINE,MA,024464406,42.3398029,-71.1238599,2,0
c2550a75-a1c3-3dd9-aa75-44fc09998e24,b242f971-3c74-3778-b148-81366c1e6a3f,Jaquelyn689 Bernier607,F,GENERAL PRACTICE,10 CAREMATRIX DR,DEDHAM,MA,020266149,42.2270762,-71.17237295563174,225,0
b0260c32-4f42-3261-a013-c77921ebb798,e5b9db6a-8dd8-3622-b9ce-3dc593e111d1,Harvey63 Tromp100,M,GENERAL PRACTICE,1223 BEACON ST STE A,BROOKLINE,MA,024465332,42.3430087,-71.1170155,71,0
f77e1454-f797-3d8d-a98f-5c333b3977e7,36c8b677-a6ce-3266-b71e-ed86d778d0fa,Rebekah348 Rippin620,F,GENERAL PRACTICE,300 FRIBERG PKWY,WESTBOROUGH,MA,015813900,42.28350315,-71.58027718702151,104,0
c1cfd592-9e4c-3790-aaf2-8a63eaee0e23,aad05540-c9cb-3805-b3c4-f9b9d9b42b2e,Quentin28 Fritsch593,M,GENERAL PRACTICE,821 E MAIN ST STE 3,CHICOPEE,MA,010206306,42.155774795300516,-72.55672263289513,37,0
f1fe59b6-aa58-3830-8939-4592585b8876,2e73956a-942f-36f3-b88c-f88e782e578f,Lola232 Uribe503,F,GENERAL PRACTICE,790 TURNPIKE STREET  SUITE 202,NORTH ANDOVER,MA,018456138,42.661547049999996,-71.10774565195425,4,0
623dd38b-30cd-3e19-984f-72df03068bd7,19a3afba-b409-3650-a0ab-f3faf6e391ef,Haywood675 Strosin214,M,GENERAL PRACTICE,199 REEDSDALE RD,WALTHAM,MA,024511433,42.3756401,-71.2358004,185,0
f009cddf-70d6-34e5-8649-dc83be1472c7,0e9d0119-1157-35a0-8bb5-7e0aa3041928,Kari181 Trantow673,F,GENERAL PRACTICE,1049 MAIN STREET,SPRINGFIELD,MA,011032114,42.09977055,-72.58470990760483,47,0
9872436b-5285-3554-bcd9-7a2f372e31ec,562176c7-c337-3bd1-b8f4-89853772589b,Theresa98 Schuppe920,F,GENERAL PRACTICE,877 SOUTH ST,PITTSFIELD,MA,012018243,42.417399950000004,-73.25836946569122,6,0
2c00d219-e106-3a81-b779-4507909bfb78,d9b71ccf-6649-3555-9e99-44eac0af257f,Darlene91 Collier206,F,GENERAL PRACTICE,655 DEDHAM ST,WRENTHAM,MA,020931135,42.084901,-71.30689224201797,30,0
4f89f503-45de-3970-8c12-f9bfe828409e,c4ac39af-31c3-3e1b-bd95-faa239bce600,Candance389 Crona259,F,GENERAL PRACTICE,374 ROUTE 28,WEST YARMOUTH,MA,026734717,41.6514493,-70.24627055149762,19,0
7d2f78b7-33af-3b38-b5a2-b787ed5b3f75,2f5c26cd-be8d-351a-97af-23fbcaba0967,Dorethea38 Casper496,F,GENERAL PRACTICE,36 CORDAGE PARK CIR,PLYMOUTH,MA,023607320,41.978323,-70.689036,2,0
4432d6cd-1054-3082-bb06-3c191248b91a,cbebae9e-f95e-3d2c-9712-289ea8d6aeec,George991 Haley279,M,GENERAL PRACTICE,49 ROBINWOOD AVENUE,QUINCY,MA,021698130,42.2509914,-71.0037374,132,0
68f3b7d4-0657-37af-a148-91e30c4031cd,1cec4304-9757-3a10-ad4f-7e2090c56131,Eugene421 Rohan584,F,GENERAL PRACTICE,55 LAKE AVE N,WORCESTER,MA,016550002,42.2774799,-71.76166994969458,170,0
27208602-47cf-3d44-bd57-d8270828bf46,ec7e487e-7e78-3eac-a9ee-37f8de98a0f9,Sid118 Hammes673,M,GENERAL PRACTICE,277 WASHINGTON STREET,ABINGTON,MA,023512489,42.10060947239023,-70.94967338146704,12,0
31f292a9-622f-3cbd-8f16-9e05dc1634ca,471f7ca2-38f8-3080-8109-187c73ec0b1f,Reginia455 Johnson679,F,GENERAL PRACTICE,27 CONGRESS ST,SALEM,MA,019707308,42.518722068313224,-70.88940635956651,41,0
7a821bb8-57c8-3718-a6b2-934399851394,7dcab1ad-0e13-3700-9eb0-70767c5e2b55,Dana512 Wilkinson796,F,GENERAL PRACTICE,1515 ALLEN ST,SPRINGFIELD,MA,011181803,42.095299499999996,-72.50943136142334,1,0
2acc6ec0-e339-3f28-9712-2526b823ad9a,7fc42341-ad5f-3c6c-94f3-4afaa0f8a028,Coretta598 Herzog843,F,GENERAL PRACTICE,368 FAUNCE CORNER RD,DARTMOUTH,MA,027476249,41.6633564,-70.99152756769953,28,0
817611eb-06d3-33ba-85b8-52c3153fae8e,9485907a-9f9c-3c19-a424-b402ee8f99c2,Lavern240 Bogisich202,M,GENERAL PRACTICE,101 PLANTATION STREET,WORCESTER,MA,016043025,42.258026400000006,-71.78384882397785,2,0
90a09221-6150-3220-9ac5-3c2370cacf94,e7722de2-0e62-3dc9-a163-a7003956673b,Weldon459 Lockman863,M,GENERAL PRACTICE,1 EDGEWATER DRIVE  SUITE 103,NORWOOD,MA,020624669,42.16153305,-71.20162617190071,6,0
6323f413-6ba1-3d6c-b8e1-9db805e90859,9b8a7a25-b923-3710-9f3c-d42919a3f54f,Kayce253 Ondricka197,F,GENERAL PRACTICE,146 MAIN ST,MAYNARD,MA,017542651,42.4309786,-71.4552968,35,0
b93f54bb-7d2f-366a-b293-74e550e1ed84,966245ce-e84d-36b0-a838-2e0b5bb2e668,Pei116 Crooks415,F,GENERAL PRACTICE,1425 BLUE HILL AVENUE,MATTAPAN,MA,021262122,42.2754929,-71.09384131587021,45,0
d2433811-a364-3cb2-b60c-6c556300d4da,5b20f93b-fde3-34e2-a878-729686a22042,Kurtis994 Strosin214,M,GENERAL PRACTICE,1 BOSTON MEDICAL CTR PL,BOSTON,MA,022151394,42.3554334,-71.060511,32,0
d827684d-d93c-3476-95a0-a44aa882e2c5,58d6127e-ee48-37c3-9f2d-dcd3c050fb25,Douglass930 Gutmann970,M,GENERAL PRACTICE,73 RUSSELL RD,HUNTINGTON,MA,010509777,42.2244752,-72.8709216,368,0
ff0d1592-f996-37c2-be73-4c947d2e1593,845fbd9b-2d1c-39a8-8261-28ae40e4fab2,Bennett146 Rippin620,M,GENERAL PRACTICE,14 PROSPECT STREET,UPTON,MA,015681431,42.1700209025178,-71.59409308099494,96,0
78dc7c12-5973-3b0f-8a92-b5bb11011046,946ec45f-5c4a-361f-b158-927144864133,Glynda607 Harvey63,F,GENERAL PRACTICE,19 MIDSTATE DRIVE  SUITE 130,AUBURN,MA,015011856,42.1894693,-71.85604765,6,0
d74750b5-2d40-37f3-8198-d4b44bc0271c,bac9dc0c-cb0f-3fa6-aa12-819dd0fb922a,Floy720 Greenfelder433,F,GENERAL PRACTICE,1493 CAMBRIDGE ST,SOMERVILLE,MA,021452935,42.3875968,-71.0994968,212,0
aeabb1c0-9a1e-3097-a3cc-671e5f88c65f,84d5768f-3a21-3da9-aad2-bbf7a3ae2700,Elba502 Schneider199,F,GENERAL PRACTICE,817 MERRIMACK ST,LOWELL,MA,018543548,42.650296999999995,-71.32263756223612,47,0
94d2f12b-883e-3d6b-9aac-0752fea3314d,9ce6072b-d039-3cde-8eaf-950211b8ae88,Terrie907 Ratke343,F,GENERAL PRACTICE,147 S MAIN ST,MIDDLETON,MA,019492446,42.585787222720036,-71.00861442427218,5,0
73991cb2-eaed-3560-b05c-1b6d8af21873,af8566eb-8918-3ec7-ba44-92b6a2cf8097,Julio255 Lugo857,M,GENERAL PRACTICE,81 HIGHLAND AVE,SALEM,MA,019702714,42.5112107,-70.90516241826194,111,0
4f0f2e51-c947-3fd0-96c1-a1b563debce9,ecd3b321-0a8a-3ce6-81f0-982dd77fce43,Hunter736 Lesch175,M,GENERAL PRACTICE,25 HIGHLAND AVE,NEWBURYPORT,MA,019503867,42.81369325,-70.89091645747592,37,0
31870ac2-abcc-34ea-ab31-7d154163b714,a036cdf2-bbc5-3ffd-987f-56e437fd8b74,Shayne60 Gutmann970,M,GENERAL PRACTICE,265 N MAIN ST,SOUTH YARMOUTH,MA,026642083,41.680980000000005,-70.18292625685085,6,0
80020a71-cd2e-3a4e-861f-3b0c762cc419,ae3eab22-8868-37bb-9a59-2b8bfe14bf34,Minh326 Smitham825,M,GENERAL PRACTICE,2033 MAIN STREET,ATHOL,MA,01331,42.58522105,-72.20868129339888,66,0
c35850a2-7115-338e-a4cc-4d80bacaa184,f90ef475-defe-363d-a926-573b38f804a2,Bea654 Schiller186,F,GENERAL PRACTICE,54 HOPEDALE ST,HOPKINTON,MA,017481672,42.2288875,-71.5196439,17,0
2f9b596a-2fe0-3ae7-98a4-0bf014d40674,0e6c3ad1-24c1-34cb-bb6d-e8438fa319e2,Eufemia350 Casper496,F,GENERAL PRACTICE,50 DODGE ST,SWAMPSCOTT,MA,019071300,42.4699241,-70.9171507,8,0
8359eb91-ecfc-31ba-bd82-a7a9f3cacc2e,63b93742-6c13-3309-92b6-f7c858e9f320,Leopoldo762 Schmeler639,M,GENERAL PRACTICE,77B WARREN ST,BRIGHTON,MA,021353601,42.348002699999995,-71.14205064012461,30,0
aae354da-0751-3db6-b2ae-2c70bea389ba,05fcf001-ab24-3d7d-85f7-f64942d82738,Leonarda398 Schumm995,F,GENERAL PRACTICE,250 POND STREET,FRAMINGHAM,MA,017014592,42.2838619,-71.4093719,356,0
4f99626b-e2d1-3217-916f-4db9c0056f68,1b26464f-ebe5-3045-b976-40f9979418c6,Vernie449 Tillman293,F,GENERAL PRACTICE,243 KING ST,NORTHAMPTON,MA,010602367,42.331161,-72.634183,12,0
ba7cdd80-6514-3e8e-8eef-ee9e3656fbbb,28d71598-85eb-3a0e-90c1-22e0be1af57c,Jodie811 Hermann103,F,GENERAL PRACTICE,38 MULBERRY ST STE 204,NORTHAMPTON,MA,010602832,42.35436315,-72.70256804599192,394,0
4c753d9b-1484-3ca3-a164-52987ebb3c1f,4a2eeae3-1d8f-3933-b177-f8b74b103338,Humberto482 Nitzsche158,M,GENERAL PRACTICE,17 COURT ST,BOSTON,MA,021082601,42.3590416,-71.0583916,37,0
9a145b0a-269f-34e7-bf86-5491f2c42b41,9adfae03-673d-365d-9052-f705098fa3e4,Sharilyn202 Wolff180,F,GENERAL PRACTICE,51 BLOSSOM ST,BOSTON,MA,021142699,42.36305545,-71.06643399281765,36,0
60d4b2b5-f1a0-391d-9d8d-bcc4789259d0,46912be1-43b9-3c0c-9fbd-3d123f2eacc6,Vernita491 Kutch271,F,GENERAL PRACTICE,821 DANIEL SHAYS HWY,ATHOL,MA,013316903,42.572540548950265,-72.2674105528448,1,0
5010238a-fc67-379e-a68a-45dd3e33b600,9f85a8c8-007c-3490-a7b7-4a0324c13307,Augustus49 Robel940,M,GENERAL PRACTICE,70 FULTON ST,BOSTON,MA,021091402,42.362439499999994,-71.05377386223965,64,0
eec3269b-0171-37cb-8099-a3b070c46286,25431f9a-00e4-36d8-9810-4125328eec50,Kati243 Ruecker817,F,GENERAL PRACTICE,55 FRUIT ST,WALTHAM,MA,02451,42.3756401,-71.2358004,25,0
f814f946-a8ed-3a2f-a47d-9ce9d064441d,a130ed39-d3a2-3b2a-91fe-0c14f5e26eb2,Walker122 Nicolas769,M,GENERAL PRACTICE,EAST CREEK ROAD,NANTUCKET,MA,025544015,41.273999,-70.091114,12,0
dcec6685-8489-3416-a23d-48fb8ff05546,01bde980-bf89-3138-8912-7360dff33247,Bradly656 Lang846,M,GENERAL PRACTICE,456 PARK AVE,WORCESTER,MA,016101254,42.25512735,-71.82580924803523,28,0
6b58b42d-46a2-3dc2-b9ab-5401a652bed1,979d5316-97f4-335d-af9d-d0afba85dc6a,Bernie827 Borer986,M,GENERAL PRACTICE,57 PROSPECT ST,NANTUCKET,MA,025542799,41.27514065,-70.10108985970798,47,0
e1fd87c0-3070-3b0d-8afd-435424f84451,8a6e21d0-da20-3378-8176-4e5ad2b51983,Wes853 Torphy630,M,GENERAL PRACTICE,84 ELM STREET,HOLLISTON,MA,017462138,42.20234485,-71.42493275079366,3,0
1a3b3653-d18d-3387-8959-1dd443f6d7dd,18d2c9c2-4b92-3664-9b8e-419aff3ce942,Raymon366 Block661,M,GENERAL PRACTICE,175 GROVE STREET,BRAINTREE,MA,021847253,42.19127375,-70.99279579751581,1,0
25c0dee0-a13f-3331-8f88-4b40ddd7e08a,121b0ad1-1beb-3caa-9271-3d3f726bb727,Kyoko885 Price929,F,GENERAL PRACTICE,1030 MAIN STREET,WALTHAM,MA,024517447,42.375828,-71.2527956,174,0
5589bfe3-9e86-3ef6-8532-615a8f85f769,43f37d29-0bcb-3d84-b9c0-9ee4f2485ff2,Boris111 Romaguera67,M,GENERAL PRACTICE,168 WALTON RD UNIT 19,ROWLEY,MA,019692014,42.7136977,-70.8818364,45,0
d6869092-2d27-3db9-9152-e05f692a93e7,0a2252ba-33de-322f-8f0a-e5b0141f1780,Lincoln623 Block661,M,GENERAL PRACTICE,632 BLUE  HILL AVENUE,DORCHESTER,MA,021213213,42.2941088,-71.0885355,47,0
01a2dff2-9f72-31f2-bdfe-24f07344ab76,2fc3d86d-4194-3ad1-bb8a-99d5d34119a1,Delinda651 Krajcik437,F,GENERAL PRACTICE,300 CONGRESS ST STE 203,QUINCY,MA,021690907,42.2345525,-71.01493330273374,40,0
1316f1cd-c6cd-3f91-95f6-15e087ea6f89,4d3ec6c2-f6aa-3d7b-adcc-e7107dac8530,Elsa29 Schultz619,F,GENERAL PRACTICE,14 MASONIC CIRCLE,AUBURN,MA,015011341,42.181923125,-71.86839612499999,35,0
531c4c80-99c1-3459-8161-35b83b2857f3,485ae27b-c5ba-3fd0-9a16-c9eea20be185,Alejandro916 Kris249,M,GENERAL PRACTICE,275 MARTINE STREET  SUITE 202,FALL RIVER,MA,027231518,41.68393816525316,-71.1220830626733,4,0
f13d540e-1f48-3b7e-98ba-1231af9d2963,47602b5b-f4aa-3c73-aa26-2268ccf7a83c,Kathie378 Fisher429,F,GENERAL PRACTICE,90 LINDALL STREET,DANVERS,MA,019232125,42.574712149999996,-70.94359556912616,6,0
633fda25-02a8-36e5-bd6f-f78e4bdc58e0,6d16a8e3-3569-38ab-afac-a2f8c1125085,Miguelina323 Crona259,F,GENERAL PRACTICE,1010 WALTHAM STREET,LEXINGTON,MA,024218052,42.4139392,-71.22929265883278,1,0
053af2cb-d96c-32e2-a440-a514ffd6d976,528231d3-78b8-39ec-a3d0-fea14af9462a,Monte325 Mohr916,M,GENERAL PRACTICE,63 LOCUST ST,DANVERS,MA,019232240,42.57284679999999,-70.93631390759089,1,0
77139e06-b0a3-3859-b67a-d85363e81def,91808f17-7583-32a3-aa55-23b131b327c7,Jospeh459 Wunsch504,M,GENERAL PRACTICE,200 CORDWAINER DR,NORWELL,MA,020611671,42.16352995,-70.8846291501739,44,0
076e161b-289f-3a8c-9fd5-fc71c8fee87e,76baa51d-0d0f-359d-a07b-7b999a43d42e,Dong972 Gibson10,F,GENERAL PRACTICE,101 STATION DR STE 240,WESTWOOD,MA,020902336,42.20728361922244,-71.15698168263435,55,0
507bee9f-201c-3d35-a4c1-5f6a2d9b59ea,53f086de-2fc7-3d35-92c2-aca4ed944e7f,Carisa395 Kutch271,F,GENERAL PRACTICE,1 GENERAL ST,LAWRENCE,MA,018412961,42.7097143,-71.15007700778098,7,0
b9b21a42-73f8-3664-a22b-3cbb368fa792,5c9dea98-c535-36fe-8a7b-778b991a7b2c,Jenifer459 Trantow673,F,GENERAL PRACTICE,95 Ashley Avenue  Suite A,West Springfield,MA,01089,42.139397,-72.62382,279,0
1150a813-7623-3754-bff4-b598d0f7583e,c05d73d0-b348-32ce-9fe5-13a720950f37,Rema399 McDermott739,F,GENERAL PRACTICE,45 DRUM HILL RD,CHELMSFORD,MA,018241503,42.6255635,-71.3615131,9,0
66cefe58-2d5e-3853-9f6c-87edaaee1f49,de3cc142-803a-3ed4-8945-75ec88a84784,Brittni468 Trantow673,F,GENERAL PRACTICE,51 HOSPITAL ROAD,BALDWINVILLE,MA,014361215,42.6108483,-72.0608364,4,0
e13339af-ec6f-3ee0-adc1-693034d10b64,0592d4e5-a0fb-3143-83cd-8e5a6b066a96,Vicente970 Gallardo890,M,GENERAL PRACTICE,20 EAST ST,HANOVER,MA,023391638,42.1278249,-70.82664947485381,46,0
f3be6dbd-5c0d-3960-b7ba-424982aa00ee,6b9c5830-a278-38ff-887f-ccefd74cf8e8,Rodney21 Hettinger594,M,GENERAL PRACTICE,184 LINCOLN STREET,NORTH EASTON,MA,023561799,42.06665855,-71.11947646404934,72,0
de58f545-47b0-3b15-b682-cad3bfb2a40f,7b5bf0fc-c5c0-3f22-980b-fdfff326a9b4,Isidro558 Kling921,M,GENERAL PRACTICE,40 CUMBERLAND AVE,NORTH ATTLEBORO,MA,027604445,41.9316677,-71.35407469790115,1,0
8c5233f7-0fc9-3354-8a03-53fe0f5eb86a,ba07b31b-bf14-39b8-be95-4c5ca5062daa,Hermelinda327 Hyatt152,F,GENERAL PRACTICE,1575 CAMBRIDGE ST,CAMBRIDGE,MA,021384308,42.375209549999994,-71.10711344152975,64,0
982c210b-698a-3079-bf91-789504ec31d9,6aae7a31-90df-3455-ad8d-81f8cf2d21e8,Damaris45 Funk324,F,GENERAL PRACTICE,680 CENTRE ST,BROCKTON,MA,023023308,42.0872752,-70.9910738855076,158,0
